ID;Marca de veh¡culo;Modelo de veh¡culo;Tipo de veh¡culo;Marca CRM;Modelo CRM
1;ACURA;MDX;Autom½vil;ACURA;MDX
3;ACURA;T L;Autom½vil;ACURA;T L
6;ACURA;RDX;Autom½vil;ACURA;RDX
7;ACURA;TSX;Autom½vil;ACURA;TSX
8;ACURA;LEGEND;Autom½vil;ACURA;LEGEND
13;ACURA;INTEGRA;Autom½vil;ACURA;INTEGRA
36;BENTLEY;CONTINENTAL;Autom½vil;BENTLEY;CONTINENTAL
39;BMW;X6;Autom½vil;BMW;X6
40;BMW;X5;Autom½vil;BMW;X5
47;BMW;525I;Autom½vil;BMW;525I
70;BMW;320I;Autom½vil;BMW;320I
88;BMW;328I;Autom½vil;BMW;328I
109;CADILLAC;ESCALADE;Autom½vil;CADILLAC;ESCALADE
113;CADILLAC;CTS;Autom½vil;CADILLAC;CTS
119;CADILLAC;DE VILLE;Autom½vil;CADILLAC;DE VILLE
122;CHEVROLET;CORVETTE;Autom½vil;CHEVROLET;CORVETTE
123;CHEVROLET;SUBURBAN;Autom½vil;CHEVROLET;SUBURBAN
124;CHEVROLET;TAHOE;Autom½vil;CHEVROLET;TAHOE
131;CHEVROLET;CAMARO;Autom½vil;CHEVROLET;CAMARO
132;CHEVROLET;TRAIL BLAZER;Autom½vil;CHEVROLET;TRAIL BLAZER
133;CHEVROLET;TRAVERSE;Autom½vil;CHEVROLET;TRAVERSE
135;CHEVROLET;COLORADO;Autom½vil;CHEVROLET;COLORADO
137;CHEVROLET;EQUINOX;Autom½vil;CHEVROLET;EQUINOX
138;CHEVROLET;TRAX;Autom½vil;CHEVROLET;TRAX
139;CHEVROLET;TRACKER;Autom½vil;CHEVROLET;TRACKER
141;CHEVROLET;CRUZE;Autom½vil;CHEVROLET;CRUZE
144;CHEVROLET;CAPTIVA;Autom½vil;CHEVROLET;CAPTIVA
145;CHEVROLET;IMPALA;Autom½vil;CHEVROLET;IMPALA
147;CHEVROLET;EXPRESS;Autom½vil;CHEVROLET;EXPRESS
151;CHEVROLET;N300;Autom½vil;CHEVROLET;N300
153;CHEVROLET;AVEO;Autom½vil;CHEVROLET;AVEO
155;CHEVROLET;SPARK;Autom½vil;CHEVROLET;SPARK
156;CHEVROLET;SONIC;Autom½vil;CHEVROLET;SONIC
159;CHEVROLET;CMV;Autom½vil;CHEVROLET;CMV
160;CHEVROLET;BLAZER;Autom½vil;CHEVROLET;BLAZER
161;CHEVROLET;EPICA;Autom½vil;CHEVROLET;EPICA
164;CHEVROLET;HHR;Autom½vil;CHEVROLET;HHR
165;CHEVROLET;OPTRA;Autom½vil;CHEVROLET;OPTRA
166;CHEVROLET;UPLANDER;Autom½vil;CHEVROLET;UPLANDER
168;CHEVROLET;CAVALIER;Autom½vil;CHEVROLET;CAVALIER
174;CHEVROLET;COBALT;Autom½vil;CHEVROLET;COBALT
175;CHEVROLET;CMP;Autom½vil;CHEVROLET;CMP
180;CHEVROLET;ASTRA;Autom½vil;CHEVROLET;ASTRA
189;CHEVROLET;NOVA;Autom½vil;CHEVROLET;NOVA
191;CHRYSLER;300;Autom½vil;CHRYSLER;300
195;CHRYSLER;ASPEN;Autom½vil;CHRYSLER;ASPEN
199;CHRYSLER;PACIFICA;Autom½vil;CHRYSLER;PACIFICA
222;DAIHATSU;DELTA;Autom½vil;DAIHATSU;DELTA
223;DAIHATSU;TERIOS;Autom½vil;DAIHATSU;TERIOS
227;DAIHATSU;SIRION;Autom½vil;DAIHATSU;SIRION
229;DAIHATSU;YRV;Autom½vil;DAIHATSU;YRV
230;DAIHATSU;STORIA;Autom½vil;DAIHATSU;STORIA
232;DAIHATSU;BOOM;Autom½vil;DAIHATSU;BOOM
233;DAIHATSU;MIRA;Autom½vil;DAIHATSU;MIRA
235;DAIHATSU;CHARADE;Autom½vil;DAIHATSU;CHARADE
239;DODGE;CHALLENGER;Autom½vil;DODGE;CHALLENGER
242;DODGE;DURANGO;Autom½vil;DODGE;DURANGO
245;DODGE;CHARGER;Autom½vil;DODGE;CHARGER
246;DODGE;CARAVAN;Autom½vil;DODGE;CARAVAN
247;DODGE;GRAND CARAVAN;Autom½vil;DODGE;GRAND CARAVAN
248;DODGE;JOURNEY;Autom½vil;DODGE;JOURNEY
251;DODGE;DAKOTA;Autom½vil;DODGE;DAKOTA
252;DODGE;CALIBER;Autom½vil;DODGE;CALIBER
253;DODGE;NITRO;Autom½vil;DODGE;NITRO
257;DODGE;DART;Autom½vil;DODGE;DART
258;DODGE;MAGNUM;Autom½vil;DODGE;MAGNUM
263;DODGE;NEON;Autom½vil;DODGE;NEON
266;DODGE;STRATUS;Autom½vil;DODGE;STRATUS
268;FIAT;500;Autom½vil;FIAT;500
273;FIAT;PALIO;Autom½vil;FIAT;PALIO
274;FIAT;DOBLO;Autom½vil;FIAT;DOBLO
276;FIAT;FIORINO;Autom½vil;FIAT;FIORINO
277;FIAT;CROMA;Autom½vil;FIAT;CROMA
290;FORD;F-150;Autom½vil;FORD;F-150
291;FORD;EXPEDITION;Autom½vil;FORD;EXPEDITION
292;FORD;MUSTANG;Autom½vil;FORD;MUSTANG
293;FORD;EXPLORER;Autom½vil;FORD;EXPLORER
294;FORD;EVEREST;Autom½vil;FORD;EVEREST
295;FORD;F-450;Autom½vil;FORD;F-450
296;FORD;F 350;Autom½vil;FORD;F 350
299;FORD;F 250;Autom½vil;FORD;F 250
301;FORD;EDGE;Autom½vil;FORD;EDGE
302;FORD;RANGER;Autom½vil;FORD;RANGER
303;FORD;TAURUS;Autom½vil;FORD;TAURUS
304;FORD;TRANSIT;Autom½vil;FORD;TRANSIT
307;FORD;ESCAPE;Autom½vil;FORD;ESCAPE
343;GMC;YUKON;Autom½vil;GMC;YUKON
344;GMC;ACADIA;Autom½vil;GMC;ACADIA
367;HONDA;CIVIC;Autom½vil;HONDA;CIVIC
368;HONDA;ODYSSEY;Autom½vil;HONDA;ODYSSEY
369;HONDA;ACCORD;Autom½vil;HONDA;ACCORD
370;HONDA;PILOT;Autom½vil;HONDA;PILOT
371;HONDA;CR-V;Autom½vil;HONDA;CR-V
372;HONDA;RIDGELINE;Autom½vil;HONDA;RIDGELINE
373;HONDA;CROSS-TOUR;Autom½vil;HONDA;CROSS-TOUR
374;HONDA;HR-V;Autom½vil;HONDA;HR-V
375;HONDA;CITY;Autom½vil;HONDA;CITY
376;HONDA;FIT;Autom½vil;HONDA;FIT
378;HONDA;LEGEND;Autom½vil;HONDA;LEGEND
384;HONDA;ELEMENT;Autom½vil;HONDA;ELEMENT
386;HONDA;LOGO;Autom½vil;HONDA;LOGO
391;HONDA;FIT ARIA;Autom½vil;HONDA;FIT ARIA
394;HONDA;STREAM;Autom½vil;HONDA;STREAM
398;HONDA;CAPA;Autom½vil;HONDA;CAPA
399;HONDA;ACTY;Autom½vil;HONDA;ACTY
413;HYUNDAI;COUNTY;Autom½vil;HYUNDAI;COUNTY
414;HYUNDAI;GENESIS;Autom½vil;HYUNDAI;GENESIS
416;HYUNDAI;SANTA FE;Autom½vil;HYUNDAI;SANTA FE
419;HYUNDAI;AZERA;Autom½vil;HYUNDAI;AZERA
422;HYUNDAI;H-1;Autom½vil;HYUNDAI;H-1
424;HYUNDAI;HD 65;Autom½vil;HYUNDAI;HD 65
426;HYUNDAI;VERACRUZ;Autom½vil;HYUNDAI;VERACRUZ
427;HYUNDAI;TQ;Autom½vil;HYUNDAI;TQ
428;HYUNDAI;TUCSON;Autom½vil;HYUNDAI;TUCSON
432;HYUNDAI;HD50;Autom½vil;HYUNDAI;HD50
433;HYUNDAI;SONATA Y20;Autom½vil;HYUNDAI;SONATA Y20
434;HYUNDAI;PORTER;Autom½vil;HYUNDAI;PORTER
435;HYUNDAI;ELANTRA;Autom½vil;HYUNDAI;ELANTRA
436;HYUNDAI;GRANDEUR;Autom½vil;HYUNDAI;GRANDEUR
437;HYUNDAI;H-100;Autom½vil;HYUNDAI;H-100
438;HYUNDAI;VELOSTER;Autom½vil;HYUNDAI;VELOSTER
440;HYUNDAI;CANTUS;Autom½vil;HYUNDAI;CANTUS
441;HYUNDAI;STAREX;Autom½vil;HYUNDAI;STAREX
444;HYUNDAI;ACCENT;Autom½vil;HYUNDAI;ACCENT
446;HYUNDAI;TERRACAN;Autom½vil;HYUNDAI;TERRACAN
447;HYUNDAI;AVANTE;Autom½vil;HYUNDAI;AVANTE
448;HYUNDAI;GRAND I 10;Autom½vil;HYUNDAI;GRAND I 10
449;HYUNDAI;I 10;Autom½vil;HYUNDAI;I 10
450;HYUNDAI;I30;Autom½vil;HYUNDAI;I30
452;HYUNDAI;MATRIX;Autom½vil;HYUNDAI;MATRIX
456;HYUNDAI;ENTOURAGE;Autom½vil;HYUNDAI;ENTOURAGE
457;HYUNDAI;GALLOPER;Autom½vil;HYUNDAI;GALLOPER
472;INFINITI;FX 35;Autom½vil;INFINITI;FX 35
473;INFINITI;QX 56;Autom½vil;INFINITI;QX 56
477;INFINITI;G-37;Autom½vil;INFINITI;G-37
478;INFINITI;EX-35;Autom½vil;INFINITI;EX-35
485;INFINITI;FX-50;Autom½vil;INFINITI;FX-50
486;INFINITI;G  35;Autom½vil;INFINITI;G  35
488;INFINITI;FX45;Autom½vil;INFINITI;FX45
490;INFINITI;G 35X;Autom½vil;INFINITI;G 35X
493;INFINITI;QX4;Autom½vil;INFINITI;QX4
497;ISUZU;NPR;Autom½vil;ISUZU;NPR
499;ISUZU;NQR;Autom½vil;ISUZU;NQR
500;ISUZU;D-MAX;Autom½vil;ISUZU;D-MAX
530;ISUZU;KB;Autom½vil;ISUZU;KB
531;ISUZU;AXIOM;Autom½vil;ISUZU;AXIOM
536;ISUZU;RODEO;Autom½vil;ISUZU;RODEO
541;ISUZU;I-280;Autom½vil;ISUZU;I-280
549;JAGUAR;XJ8;Autom½vil;JAGUAR;XJ8
552;JAGUAR;XKR;Autom½vil;JAGUAR;XKR
554;JAGUAR;XK8;Autom½vil;JAGUAR;XK8
555;JAGUAR;XF;Autom½vil;JAGUAR;XF
557;JAGUAR;S-TYPE;Autom½vil;JAGUAR;S-TYPE
558;JAGUAR;X-TYPE;Autom½vil;JAGUAR;X-TYPE
562;JEEP;GRAND CHEROKEE;Autom½vil;JEEP;GRAND CHEROKEE
563;JEEP;WRANGLER;Autom½vil;JEEP;WRANGLER
564;JEEP;CHEROKEE;Autom½vil;JEEP;CHEROKEE
566;JEEP;COMPASS;Autom½vil;JEEP;COMPASS
567;JEEP;LIBERTY;Autom½vil;JEEP;LIBERTY
568;JEEP;PATRIOT;Autom½vil;JEEP;PATRIOT
571;JEEP;COMMANDER;Autom½vil;JEEP;COMMANDER
574;kia;CARNIVAL;Autom½vil;KIA;CARNIVAL
575;kia;SEDONA;Autom½vil;KIA;SEDONA
577;kia;SORENTO;Autom½vil;KIA;SORENTO
578;kia;SPORTAGE;Autom½vil;KIA;SPORTAGE
579;kia;PREGIO;Autom½vil;KIA;PREGIO
580;kia;CADENZA;Autom½vil;KIA;CADENZA
581;kia;K2700;Autom½vil;KIA;K2700
582;kia;SOUL;Autom½vil;KIA;SOUL
583;kia;CERATO;Autom½vil;KIA;CERATO
584;kia;SPECTRA;Autom½vil;KIA;SPECTRA
585;kia;LOTZE;Autom½vil;KIA;LOTZE
586;kia;K-7 AMERICANO;Autom½vil;KIA;K-7 AMERICANO
587;kia;RIO;Autom½vil;KIA;RIO
589;kia;OPTIMA;Autom½vil;KIA;OPTIMA
590;kia;K5;Autom½vil;KIA;K5
591;kia;FORTE;Autom½vil;KIA;FORTE
592;kia;CARENS;Autom½vil;KIA;CARENS
593;kia;PICANTO;Autom½vil;KIA;PICANTO
594;kia;RONDO;Autom½vil;KIA;RONDO
595;kia;BONGO;Autom½vil;KIA;BONGO
597;kia;MORNING;Autom½vil;KIA;MORNING
613;LAND ROVER;RANGE ROVER;Autom½vil;LAND ROVER;RANGE ROVER
615;LAND ROVER;DISCOVERY;Autom½vil;LAND ROVER;DISCOVERY
624;LEXUS;LX 570;Autom½vil;LEXUS;LX 570
627;LEXUS;RX 350;Autom½vil;LEXUS;RX 350
636;LEXUS;IS 350;Autom½vil;LEXUS;IS 350
643;LEXUS;IS F;Autom½vil;LEXUS;IS F
646;LEXUS;IS 250;Autom½vil;LEXUS;IS 250
659;LINCOLN;NAVIGATOR;Autom½vil;LINCOLN;NAVIGATOR
660;LINCOLN;TOWN CAR;Autom½vil;LINCOLN;TOWN CAR
666;LINCOLN;AVIATOR;Autom½vil;LINCOLN;AVIATOR
669;MAZDA;DEMIO;Autom½vil;MAZDA;DEMIO
670;MAZDA;CX-9;Autom½vil;MAZDA;CX-9
671;MAZDA;6;Autom½vil;MAZDA;6
672;MAZDA;CX -5;Autom½vil;MAZDA;CX -5
673;MAZDA;BT-50;Autom½vil;MAZDA;BT-50
674;MAZDA;CX-7;Autom½vil;MAZDA;CX-7
675;MAZDA;CX-3;Autom½vil;MAZDA;CX-3
676;MAZDA;3;Autom½vil;MAZDA;3
678;MAZDA;5;Autom½vil;MAZDA;5
679;MAZDA;RX8;Autom½vil;MAZDA;RX8
680;MAZDA;626;Autom½vil;MAZDA;626
682;MAZDA;2;Autom½vil;MAZDA;2
685;MAZDA;RX-7;Autom½vil;MAZDA;RX-7
687;MAZDA;TRIBUTE;Autom½vil;MAZDA;TRIBUTE
689;MAZDA;B2900;Autom½vil;MAZDA;B2900
694;MAZDA;BONGO;Autom½vil;MAZDA;BONGO
695;MAZDA;VERISA;Autom½vil;MAZDA;VERISA
696;MAZDA;323;Autom½vil;MAZDA;323
697;MAZDA;AXELA;Autom½vil;MAZDA;AXELA
700;MAZDA;PROTEGE;Autom½vil;MAZDA;PROTEGE
701;MAZDA;MILLENIUS;Autom½vil;MAZDA;MILLENIUS
706;MAZDA;FAMILIA;Autom½vil;MAZDA;FAMILIA
715;MERCEDES BENZ;ML350;Autom½vil;MERCEDES BENZ;ML350
741;MERCEDES BENZ;E63 AMG;Autom½vil;MERCEDES BENZ;E63 AMG
752;MERCEDES BENZ;E-300;Autom½vil;MERCEDES BENZ;E-300
754;MERCEDES BENZ;C-300;Autom½vil;MERCEDES BENZ;C-300
756;MERCEDES BENZ;SPRINTER;Autom½vil;MERCEDES BENZ;SPRINTER
773;MERCEDES BENZ;ML-300;Autom½vil;MERCEDES BENZ;ML-300
790;MERCEDES BENZ;C250;Autom½vil;MERCEDES BENZ;C250
800;MERCEDES BENZ;O500;Autom½vil;MERCEDES BENZ;O500
813;MERCEDES BENZ;C-180;Autom½vil;MERCEDES BENZ;C-180
816;MERCEDES BENZ;CLASE S;Autom½vil;MERCEDES BENZ;CLASE S
860;MERCEDES BENZ;CLASE CLK;Autom½vil;MERCEDES BENZ;CLASE CLK
862;MERCEDES BENZ;CLASE CL;Autom½vil;MERCEDES BENZ;CLASE CL
886;MERCEDES BENZ;CLASE C;Autom½vil;MERCEDES BENZ;CLASE C
889;MERCEDES BENZ;SMART;Autom½vil;MERCEDES BENZ;SMART
898;MINI;COOPER;Autom½vil;MINI;COOPER
901;MITSUBISHI;ROSA;Autom½vil;MITSUBISHI;ROSA
902;MITSUBISHI;FUSO;Autom½vil;MITSUBISHI;FUSO
907;MITSUBISHI;MONTERO;Autom½vil;MITSUBISHI;MONTERO
908;MITSUBISHI;PAJERO;Autom½vil;MITSUBISHI;PAJERO
909;MITSUBISHI;L200;Autom½vil;MITSUBISHI;L200
911;MITSUBISHI;NATIVA;Autom½vil;MITSUBISHI;NATIVA
912;MITSUBISHI;CANTER;Autom½vil;MITSUBISHI;CANTER
914;MITSUBISHI;OUTLANDER;Autom½vil;MITSUBISHI;OUTLANDER
920;MITSUBISHI;ASX;Autom½vil;MITSUBISHI;ASX
921;MITSUBISHI;GALANT;Autom½vil;MITSUBISHI;GALANT
922;MITSUBISHI;LANCER EVOLUTION;Autom½vil;MITSUBISHI;LANCER EVOLUTION
924;MITSUBISHI;MONTERO SPORT;Autom½vil;MITSUBISHI;MONTERO SPORT
925;MITSUBISHI;L 300;Autom½vil;MITSUBISHI;L 300
926;MITSUBISHI;ZINGER;Autom½vil;MITSUBISHI;ZINGER
927;MITSUBISHI;MIRAGE;Autom½vil;MITSUBISHI;MIRAGE
931;MITSUBISHI;LANCER;Autom½vil;MITSUBISHI;LANCER
932;MITSUBISHI;ENDEAVOR;Autom½vil;MITSUBISHI;ENDEAVOR
933;MITSUBISHI;GRANDIS;Autom½vil;MITSUBISHI;GRANDIS
934;MITSUBISHI;RAIDER;Autom½vil;MITSUBISHI;RAIDER
935;MITSUBISHI;ECLIPSE;Autom½vil;MITSUBISHI;ECLIPSE
936;MITSUBISHI;CHALLENGER;Autom½vil;MITSUBISHI;CHALLENGER
938;MITSUBISHI;CHARIOT;Autom½vil;MITSUBISHI;CHARIOT
942;MITSUBISHI;COLT;Autom½vil;MITSUBISHI;COLT
950;MITSUBISHI;SEDIA;Autom½vil;MITSUBISHI;SEDIA
952;NISSAN;PATROL;Autom½vil;NISSAN;PATROL
953;NISSAN;GT-R;Autom½vil;NISSAN;GT-R
955;NISSAN;TITAN;Autom½vil;NISSAN;TITAN
959;NISSAN;ARMADA;Autom½vil;NISSAN;ARMADA
960;NISSAN;SKYLINE;Autom½vil;NISSAN;SKYLINE
961;NISSAN;MURANO;Autom½vil;NISSAN;MURANO
963;NISSAN;FRONTIER;Autom½vil;NISSAN;FRONTIER
967;NISSAN;MAXIMA;Autom½vil;NISSAN;MAXIMA
968;NISSAN;PATHFINDER;Autom½vil;NISSAN;PATHFINDER
969;NISSAN;NAVARA;Autom½vil;NISSAN;NAVARA
970;NISSAN;URVAN;Autom½vil;NISSAN;URVAN
971;NISSAN;370 Z;Autom½vil;NISSAN;370 Z
972;NISSAN;X-TRAIL;Autom½vil;NISSAN;X-TRAIL
974;NISSAN;ALTIMA;Autom½vil;NISSAN;ALTIMA
975;NISSAN;XTERRA;Autom½vil;NISSAN;XTERRA
976;NISSAN;ROGUE;Autom½vil;NISSAN;ROGUE
977;NISSAN;350 Z;Autom½vil;NISSAN;350 Z
978;NISSAN;D 22;Autom½vil;NISSAN;D 22
979;NISSAN;SENTRA;Autom½vil;NISSAN;SENTRA
980;NISSAN;QASHQAI;Autom½vil;NISSAN;QASHQAI
981;NISSAN;KICKS;Autom½vil;NISSAN;KICKS
983;NISSAN;JUKE;Autom½vil;NISSAN;JUKE
987;NISSAN;QUEST;Autom½vil;NISSAN;QUEST
989;NISSAN;VERSA;Autom½vil;NISSAN;VERSA
990;NISSAN;CABSTAR;Autom½vil;NISSAN;CABSTAR
991;NISSAN;D 21;Autom½vil;NISSAN;D 21
993;NISSAN;NOTE;Autom½vil;NISSAN;NOTE
995;NISSAN;TEANA;Autom½vil;NISSAN;TEANA
998;NISSAN;MARCH;Autom½vil;NISSAN;MARCH
1002;NISSAN;PRIMERA;Autom½vil;NISSAN;PRIMERA
1006;NISSAN;TIIDA;Autom½vil;NISSAN;TIIDA
1011;NISSAN;ALMERA;Autom½vil;NISSAN;ALMERA
1014;NISSAN;AD-WAGON;Autom½vil;NISSAN;AD-WAGON
1015;NISSAN;CUBE;Autom½vil;NISSAN;CUBE
1019;NISSAN;PLATINA;Autom½vil;NISSAN;PLATINA
1021;NISSAN;LATIO;Autom½vil;NISSAN;LATIO
1023;NISSAN;MISTRAL;Autom½vil;NISSAN;MISTRAL
1025;NISSAN;WINGROAD;Autom½vil;NISSAN;WINGROAD
1042;PEUGEOT;PARTNER;Autom½vil;PEUGEOT;PARTNER
1048;PEUGEOT;407;Autom½vil;PEUGEOT;407
1049;PEUGEOT;607;Autom½vil;PEUGEOT;607
1050;PEUGEOT;307;Autom½vil;PEUGEOT;307
1062;PEUGEOT;405;Autom½vil;PEUGEOT;405
1064;PORSCHE;PANAMERA;Autom½vil;PORSCHE;PANAMERA
1065;PORSCHE;CARRERA;Autom½vil;PORSCHE;CARRERA
1066;PORSCHE;CAYMAN;Autom½vil;PORSCHE;CAYMAN
1067;PORSCHE;CAYENNE;Autom½vil;PORSCHE;CAYENNE
1068;PORSCHE;BOXSTER;Autom½vil;PORSCHE;BOXSTER
1070;PORSCHE;911;Autom½vil;PORSCHE;911
1075;RENAULT;KOLEO;Autom½vil;RENAULT;KOLEO
1076;RENAULT;M?GANE;Autom½vil;RENAULT;M?GANE
1081;RENAULT;KANGOO;Autom½vil;RENAULT;KANGOO
1087;RENAULT;LOGAN;Autom½vil;RENAULT;LOGAN
1090;RENAULT;SCENIC;Autom½vil;RENAULT;SCENIC
1092;RENAULT;CLIO;Autom½vil;RENAULT;CLIO
1098;SUBARU;FORESTER;Autom½vil;SUBARU;FORESTER
1099;SUBARU;OUTBACK;Autom½vil;SUBARU;OUTBACK
1100;SUBARU;LEGACY;Autom½vil;SUBARU;LEGACY
1102;SUBARU;TRIBECA;Autom½vil;SUBARU;TRIBECA
1103;SUBARU;XV;Autom½vil;SUBARU;XV
1104;SUBARU;IMPREZA;Autom½vil;SUBARU;IMPREZA
1107;SUBARU;SAMBAR;Autom½vil;SUBARU;SAMBAR
1112;SUZUKI;APV;Autom½vil;SUZUKI;APV
1115;SUZUKI;EQUATOR;Autom½vil;SUZUKI;EQUATOR
1116;SUZUKI;SWIFT;Autom½vil;SUZUKI;SWIFT
1117;SUZUKI;SX 4;Autom½vil;SUZUKI;SX 4
1118;SUZUKI;JIMNY;Autom½vil;SUZUKI;JIMNY
1119;SUZUKI;CIAZ;Autom½vil;SUZUKI;CIAZ
1121;SUZUKI;AERIO;Autom½vil;SUZUKI;AERIO
1123;SUZUKI;CELERIO;Autom½vil;SUZUKI;CELERIO
1125;SUZUKI;XL7;Autom½vil;SUZUKI;XL7
1128;SUZUKI;ESCUDO;Autom½vil;SUZUKI;ESCUDO
1129;SUZUKI;SPLASH;Autom½vil;SUZUKI;SPLASH
1131;SUZUKI;SAMURAI;Autom½vil;SUZUKI;SAMURAI
1133;SUZUKI;EVERY;Autom½vil;SUZUKI;EVERY
1134;SUZUKI;FORENZA;Autom½vil;SUZUKI;FORENZA
1136;SUZUKI;SIDEKICK;Autom½vil;SUZUKI;SIDEKICK
1138;SUZUKI;ALTO;Autom½vil;SUZUKI;ALTO
1139;SUZUKI;RENO;Autom½vil;SUZUKI;RENO
1146;TOYOTA;LAND CRUISER;Autom½vil;TOYOTA;LAND CRUISER
1147;TOYOTA;SEQUOIA;Autom½vil;TOYOTA;SEQUOIA
1150;TOYOTA;LAND CRUISER PRADO;Autom½vil;TOYOTA;LAND CRUISER PRADO
1151;TOYOTA;SIENNA;Autom½vil;TOYOTA;SIENNA
1153;TOYOTA;4 RUNNER;Autom½vil;TOYOTA;4 RUNNER
1154;TOYOTA;TACOMA;Autom½vil;TOYOTA;TACOMA
1155;TOYOTA;HIGHLANDER;Autom½vil;TOYOTA;HIGHLANDER
1156;TOYOTA;HIACE;Autom½vil;TOYOTA;HIACE
1157;TOYOTA;FORTUNER;Autom½vil;TOYOTA;FORTUNER
1158;TOYOTA;HILUX;Autom½vil;TOYOTA;HILUX
1159;TOYOTA;CAMRY;Autom½vil;TOYOTA;CAMRY
1160;TOYOTA;ALTEZZA;Autom½vil;TOYOTA;ALTEZZA
1161;TOYOTA;RAV4;Autom½vil;TOYOTA;RAV4
1164;TOYOTA;FJ CRUISER;Autom½vil;TOYOTA;FJ CRUISER
1167;TOYOTA;VENZA;Autom½vil;TOYOTA;VENZA
1169;TOYOTA;COROLLA;Autom½vil;TOYOTA;COROLLA
1170;TOYOTA;PREVIA;Autom½vil;TOYOTA;PREVIA
1173;TOYOTA;YARIS;Autom½vil;TOYOTA;YARIS
1174;TOYOTA;MATRIX;Autom½vil;TOYOTA;MATRIX
1175;TOYOTA;PRIUS;Autom½vil;TOYOTA;PRIUS
1176;TOYOTA;AVENSIS;Autom½vil;TOYOTA;AVENSIS
1177;TOYOTA;CELICA;Autom½vil;TOYOTA;CELICA
1178;TOYOTA;VITZ JAPONES;Autom½vil;TOYOTA;VITZ JAPONES
1188;TOYOTA;SCION;Autom½vil;TOYOTA;SCION
1190;TOYOTA;BELTA;Autom½vil;TOYOTA;BELTA
1194;TOYOTA;PROBOX;Autom½vil;TOYOTA;PROBOX
1198;TOYOTA;STARLET;Autom½vil;TOYOTA;STARLET
1202;TOYOTA;PICK-UP;Autom½vil;TOYOTA;PICK-UP
1204;TOYOTA;CORONA;Autom½vil;TOYOTA;CORONA
1207;TOYOTA;PLATZ;Autom½vil;TOYOTA;PLATZ
1209;TOYOTA;DUET;Autom½vil;TOYOTA;DUET
1227;VOLKSWAGEN;TOUAREG;Autom½vil;VOLKSWAGEN;TOUAREG
1229;VOLKSWAGEN;AMAROK;Autom½vil;VOLKSWAGEN;AMAROK
1234;VOLKSWAGEN;GTI;Autom½vil;VOLKSWAGEN;GTI
1236;VOLKSWAGEN;GOLF;Autom½vil;VOLKSWAGEN;GOLF
1237;VOLKSWAGEN;PASSAT;Autom½vil;VOLKSWAGEN;PASSAT
1238;VOLKSWAGEN;TRANSPORTER;Autom½vil;VOLKSWAGEN;TRANSPORTER
1239;VOLKSWAGEN;TIGUAN;Autom½vil;VOLKSWAGEN;TIGUAN
1240;VOLKSWAGEN;CC;Autom½vil;VOLKSWAGEN;CC
1242;VOLKSWAGEN;BEETLE;Autom½vil;VOLKSWAGEN;BEETLE
1243;VOLKSWAGEN;JETTA;Autom½vil;VOLKSWAGEN;JETTA
1244;VOLKSWAGEN;BORA;Autom½vil;VOLKSWAGEN;BORA
1246;VOLKSWAGEN;CROSSFOX;Autom½vil;VOLKSWAGEN;CROSSFOX
1247;VOLKSWAGEN;EOS;Autom½vil;VOLKSWAGEN;EOS
1250;VOLKSWAGEN;FOX;Autom½vil;VOLKSWAGEN;FOX
1252;VOLKSWAGEN;GOL;Autom½vil;VOLKSWAGEN;GOL
1254;VOLKSWAGEN;POLO;Autom½vil;VOLKSWAGEN;POLO
1256;VOLKSWAGEN;ROUTAN;Autom½vil;VOLKSWAGEN;ROUTAN
1260;VOLKSWAGEN;ESCARABAJO;Autom½vil;VOLKSWAGEN;ESCARABAJO
1263;VOLKSWAGEN;SAVEIRO;Autom½vil;VOLKSWAGEN;SAVEIRO
1264;VOLKSWAGEN;RABBIT;Autom½vil;VOLKSWAGEN;RABBIT
1265;VOLKSWAGEN;CABRIO;Autom½vil;VOLKSWAGEN;CABRIO
1268;VOLVO;XC90;Autom½vil;VOLVO;XC90
1273;VOLVO;XC 60;Autom½vil;VOLVO;XC 60
1277;VOLVO;S 60;Autom½vil;VOLVO;S 60
1278;VOLVO;S 80;Autom½vil;VOLVO;S 80
1279;VOLVO;V 40;Autom½vil;VOLVO;V 40
1286;VOLVO;C 30;Autom½vil;VOLVO;C 30
1287;VOLVO;S 40;Autom½vil;VOLVO;S 40
1482;JEEP;RUBICON;Autom½vil;JEEP;RUBICON
1483;JEEP;SAHARA;Autom½vil;JEEP;SAHARA
1484;JEEP;WILLYS;Autom½vil;JEEP;WILLYS
1485;kia;SOUL EV - ELECTRICO;Autom½vil;KIA;SOUL EV - ELECTRICO
1486;kia;K-7 COREANO;Autom½vil;KIA;K-7 COREANO
1487;kia;RIO HACHBACK;Autom½vil;KIA;RIO HACHBACK
1488;kia;MORNING COREANO;Autom½vil;KIA;MORNING COREANO
1489;kia;BONGO III;Autom½vil;KIA;BONGO III
1490;LEXUS;ES;Autom½vil;LEXUS;ES
1491;LEXUS;GS;Autom½vil;LEXUS;GS
1492;LEXUS;GX;Autom½vil;LEXUS;GX
1493;LEXUS;IS;Autom½vil;LEXUS;IS
1494;LEXUS;LS;Autom½vil;LEXUS;LS
1495;LEXUS;LS-350;Autom½vil;LEXUS;LS-350
1496;LEXUS;LX;Autom½vil;LEXUS;LX
1497;LEXUS;RX;Autom½vil;LEXUS;RX
1498;LINCOLN;LS;Autom½vil;LINCOLN;LS
1499;MAZDA;8 RX;Autom½vil;MAZDA;8 RX
1500;MAZDA;CAROL;Autom½vil;MAZDA;CAROL
1501;MERCEDES BENZ;C300 LUXURT;Autom½vil;MERCEDES BENZ;C300 LUXURT
1502;MERCEDES BENZ;GLC-250 4MATIC COUPE 4WD;Autom½vil;MERCEDES BENZ;GLC-250 4MATIC COUPE 4WD
1503;MERCEDES BENZ;300 CE;Autom½vil;MERCEDES BENZ;300 CE
1504;MERCEDES BENZ;CLASE A;Autom½vil;MERCEDES BENZ;CLASE A
1505;MERCEDES BENZ;CLASE B;Autom½vil;MERCEDES BENZ;CLASE B
1506;MERCEDES BENZ;CLASE CLS;Autom½vil;MERCEDES BENZ;CLASE CLS
1507;MERCEDES BENZ;CLASE E;Autom½vil;MERCEDES BENZ;CLASE E
1508;MERCEDES BENZ;CLASE G;Autom½vil;MERCEDES BENZ;CLASE G
1509;MERCEDES BENZ;CLASE GLK;Autom½vil;MERCEDES BENZ;CLASE GLK
1510;MERCEDES BENZ;CLASE ML;Autom½vil;MERCEDES BENZ;CLASE ML
1511;MERCEDES BENZ;CLASE R;Autom½vil;MERCEDES BENZ;CLASE R
1512;MERCEDES BENZ;CLASE SL;Autom½vil;MERCEDES BENZ;CLASE SL
1513;MERCEDES BENZ;CLASE SLK;Autom½vil;MERCEDES BENZ;CLASE SLK
1514;MERCEDES BENZ;GLA 200;Autom½vil;MERCEDES BENZ;GLA 200
1515;MERCEDES BENZ;GLE 53 AMG;Autom½vil;MERCEDES BENZ;GLE 53 AMG
1516;MERCEDES BENZ;MARCOPOLO;Autom½vil;MERCEDES BENZ;MARCOPOLO
1517;MERCEDES BENZ;SE;Autom½vil;MERCEDES BENZ;SE
1518;MINI;COOPER COUNTRYMAN;Autom½vil;MINI;COOPER COUNTRYMAN
1519;MINI;COOPER SU31;Autom½vil;MINI;COOPER SU31
1520;MITSUBISHI;GT;Autom½vil;MITSUBISHI;GT
1521;MITSUBISHI;EVOLUTION;Autom½vil;MITSUBISHI;EVOLUTION
1522;MITSUBISHI;MIRAGE JAPONES;Autom½vil;MITSUBISHI;MIRAGE JAPONES
1523;NISSAN;CARAVAN JAPONES;Autom½vil;NISSAN;CARAVAN JAPONES
1524;NISSAN;TIIDA JAPONES;Autom½vil;NISSAN;TIIDA JAPONES
1525;NISSAN;AD EXPERT;Autom½vil;NISSAN;AD EXPERT
1526;NISSAN;AD-VAN;Autom½vil;NISSAN;AD-VAN
1527;NISSAN;LEAF - EL?CTRICO;Autom½vil;NISSAN;LEAF - EL?CTRICO
1528;NISSAN;NV 200 VANETTE JAPONES;Autom½vil;NISSAN;NV 200 VANETTE JAPONES
1529;NISSAN;NV-350 CARAVAN JAPONES;Autom½vil;NISSAN;NV-350 CARAVAN JAPONES
1530;NISSAN;REGULUS;Autom½vil;NISSAN;REGULUS
1531;NISSAN;ROUGUE;Autom½vil;NISSAN;ROUGUE
1532;NISSAN;VANETTE JAPONES;Autom½vil;NISSAN;VANETTE JAPONES
1533;NISSAN;VERSA NOTE;Autom½vil;NISSAN;VERSA NOTE
1534;NISSAN;VERSA NOTE JAPONES;Autom½vil;NISSAN;VERSA NOTE JAPONES
1535;PEUGEOT;508 ALLURE;Autom½vil;PEUGEOT;508 ALLURE
1536;PEUGEOT;RCZ;Autom½vil;PEUGEOT;RCZ
1537;PORSCHE;TARGA;Autom½vil;PORSCHE;TARGA
1538;PORSCHE;TAYCAN;Autom½vil;PORSCHE;TAYCAN
1539;PORSCHE;TURBO;Autom½vil;PORSCHE;TURBO
1540;RENAULT;KONGOO;Autom½vil;RENAULT;KONGOO
1541;SUZUKI;SWIFT JAPONES;Autom½vil;SUZUKI;SWIFT JAPONES
1542;SUZUKI;BERONA;Autom½vil;SUZUKI;BERONA
1543;SUZUKI;WAGON;Autom½vil;SUZUKI;WAGON
1544;SUZUKI;XL7-LIMITED;Autom½vil;SUZUKI;XL7-LIMITED
1545;TOYOTA;TOWN-ACE JAPONES;Autom½vil;TOYOTA;TOWN-ACE JAPONES
1546;TOYOTA;BERTA;Autom½vil;TOYOTA;BERTA
1547;TOYOTA;CAMIONETA;Autom½vil;TOYOTA;CAMIONETA
1548;TOYOTA;CRESSIDA;Autom½vil;TOYOTA;CRESSIDA
1549;TOYOTA;LITE ACE JAPONES;Autom½vil;TOYOTA;LITE ACE JAPONES
1550;TOYOTA;PASSO;Autom½vil;TOYOTA;PASSO
1551;TOYOTA;PIXIS;Autom½vil;TOYOTA;PIXIS
1552;TOYOTA;RACTIS;Autom½vil;TOYOTA;RACTIS
1553;TOYOTA;RUSH;Autom½vil;TOYOTA;RUSH
1554;TOYOTA;SR 5;Autom½vil;TOYOTA;SR 5
1555;TOYOTA;SUPRA;Autom½vil;TOYOTA;SUPRA
1556;VOLKSWAGEN;GOLF E - EL?CTRICO;Autom½vil;VOLKSWAGEN;GOLF E - EL?CTRICO
1557;VOLVO;CX 90;Autom½vil;VOLVO;CX 90
1558;VOLVO;XC 70 CROSS COUNTRY;Autom½vil;VOLVO;XC 70 CROSS COUNTRY
1559;VOLVO;XC 40;Autom½vil;VOLVO;XC 40
1560;BENTLEY;CONTINENTAL FLYING SUPR;Autom½vil;BENTLEY;CONTINENTAL FLYING SUPR
1561;BENTLEY;MK?VI;Autom½vil;BENTLEY;MK?VI
1562;BMW;325 CI;Autom½vil;BMW;325 CI
1563;BMW;325SI;Autom½vil;BMW;325SI
1564;BMW;i3?-?EL?CTRICO;Autom½vil;BMW;I3?-?EL?CTRICO
1565;BMW;SERIE 1;Autom½vil;BMW;SERIE 1
1566;BMW;SERIE?3;Autom½vil;BMW;SERIE?3
1567;BMW;SERIE?5;Autom½vil;BMW;SERIE?5
1568;BMW;SERIE 6;Autom½vil;BMW;SERIE 6
1569;BMW;SERIE 7;Autom½vil;BMW;SERIE 7
1570;BMW;SERIE M;Autom½vil;BMW;SERIE M
1571;BMW;SERIE X;Autom½vil;BMW;SERIE X
1572;BMW;SERIE Z;Autom½vil;BMW;SERIE Z
1573;BMW;X5 3.0D;Autom½vil;BMW;X5 3.0D
1574;BMW;X5?35IX;Autom½vil;BMW;X5?35IX
1575;CADILLAC;CONCOURS;Autom½vil;CADILLAC;CONCOURS
1576;CADILLAC;XLR;Autom½vil;CADILLAC;XLR
1577;CHEVROLET;AVALANCHE;Autom½vil;CHEVROLET;AVALANCHE
1578;CHEVROLET;AVEO;Autom½vil;CHEVROLET;AVEO
1579;CHEVROLET;AVEO;Autom½vil;CHEVROLET;AVEO
1580;CHEVROLET;AVEO;Autom½vil;CHEVROLET;AVEO
1581;CHEVROLET;AVEO;Autom½vil;CHEVROLET;AVEO
1582;CHEVROLET;AVEO;Autom½vil;CHEVROLET;AVEO
1583;CHEVROLET;BOLT - EL?CTRICO;Autom½vil;CHEVROLET;BOLT - EL?CTRICO
1584;CHEVROLET;CRUIZE;Autom½vil;CHEVROLET;CRUIZE
1585;CHEVROLET;CRUIZE;Autom½vil;CHEVROLET;CRUIZE
1586;CHEVROLET;CRUIZE;Autom½vil;CHEVROLET;CRUIZE
1587;CHEVROLET;CRUIZE;Autom½vil;CHEVROLET;CRUIZE
1588;CHEVROLET;EXPRESS?G3500LT;Autom½vil;CHEVROLET;EXPRESS?G3500LT
1589;CHEVROLET;MALIBU;Autom½vil;CHEVROLET;MALIBU
1590;CHEVROLET;N400;Autom½vil;CHEVROLET;N400
1591;CHEVROLET;S 10;Autom½vil;CHEVROLET;S 10
1592;CHEVROLET;SILVERADO;Autom½vil;CHEVROLET;SILVERADO
1593;CHEVROLET;Z 71;Autom½vil;CHEVROLET;Z 71
1594;CHEVROLET;CAPRICE;Autom½vil;CHEVROLET;CAPRICE
1595;CHRYSLER;200;Autom½vil;CHRYSLER;200
1596;CHRYSLER;PT?CRUISE;Autom½vil;CHRYSLER;PT?CRUISE
1597;CHRYSLER;SEBRING;Autom½vil;CHRYSLER;SEBRING
1598;CHRYSLER;SEBRING;Autom½vil;CHRYSLER;SEBRING
1599;CHRYSLER;SEBRING?LX;Autom½vil;CHRYSLER;SEBRING?LX
1600;CHRYSLER;SRT8;Autom½vil;CHRYSLER;SRT8
1601;CHRYSLER;TOWN  COUNTRY;Autom½vil;CHRYSLER;TOWN  COUNTRY
1602;CITROEN;DS3;Autom½vil;CITROEN;DS3
1603;CITROEN;ELYSEE;Autom½vil;CITROEN;ELYSEE
1604;CITROEN;ELYSEE SALOON;Autom½vil;CITROEN;ELYSEE SALOON
1605;CITROEN;SALOON;Autom½vil;CITROEN;SALOON
1606;DAIHATSU;HIJET;Autom½vil;DAIHATSU;HIJET
1607;DAIHATSU;HINO;Autom½vil;DAIHATSU;HINO
1608;DAIHATSU;SIRIUS;Autom½vil;DAIHATSU;SIRIUS
1609;DODGE;2500;Autom½vil;DODGE;2500
1610;DODGE;AVENGER SXT;Autom½vil;DODGE;AVENGER SXT
1611;DODGE;CHARGER RT;Autom½vil;DODGE;CHARGER RT
1612;DODGE;DART?GT;Autom½vil;DODGE;DART?GT
1613;DODGE;RAM;Autom½vil;DODGE;RAM
1614;FIAT;500 LOUNGE;Autom½vil;FIAT;500 LOUNGE
1615;FIAT;500E - EL?CTRICO;Autom½vil;FIAT;500E - EL?CTRICO
1616;FIAT;500L TRAKKING;Autom½vil;FIAT;500L TRAKKING
1617;FIAT;PALIO WEEKEND TREKKING;Autom½vil;FIAT;PALIO WEEKEND TREKKING
1618;FORD;CUSTOM;Autom½vil;FORD;CUSTOM
1619;FORD;E-150;Autom½vil;FORD;E-150
1620;FORD;E-250;Autom½vil;FORD;E-250
1621;FORD;E350;Autom½vil;FORD;E350
1622;FORD;E-350;Autom½vil;FORD;E-350
1623;FORD;ECO SPORT;Autom½vil;FORD;ECO SPORT
1624;FORD;ECONOLINE;Autom½vil;FORD;ECONOLINE
1625;FORD;EXCURSION;Autom½vil;FORD;EXCURSION
1626;FORD;FESTIVA;Autom½vil;FORD;FESTIVA
1627;FORD;FIESTA;Autom½vil;FORD;FIESTA
1628;FORD;FOCUS;Autom½vil;FORD;FOCUS
1629;FORD;FOCUS?EV;Autom½vil;FORD;FOCUS?EV
1630;FORD;FREESTART;Autom½vil;FORD;FREESTART
1631;FORD;FREESTYLE;Autom½vil;FORD;FREESTYLE
1632;FORD;FUSION;Autom½vil;FORD;FUSION
1633;FORD;WINDSTAR;Autom½vil;FORD;WINDSTAR
1634;GMC;DENALI;Autom½vil;GMC;DENALI
1635;GMC;ENVOY;Autom½vil;GMC;ENVOY
1636;GMC;GMC;Autom½vil;GMC;GMC
1637;GMC;SUBURVAN;Autom½vil;GMC;SUBURVAN
1638;GMC;TERRAIN SLE;Autom½vil;GMC;TERRAIN SLE
1639;GMC;WRANGLER;Autom½vil;GMC;WRANGLER
1640;HONDA;CIVIC-ACCORD;Autom½vil;HONDA;CIVIC-ACCORD
1641;HONDA;FIT JAPONES;Autom½vil;HONDA;FIT JAPONES
1642;HONDA;INTEGRA;Autom½vil;HONDA;INTEGRA
1643;HYUNDAI;AVANTE COREANO;Autom½vil;HYUNDAI;AVANTE COREANO
1644;HYUNDAI;ELANTRA TOURING;Autom½vil;HYUNDAI;ELANTRA TOURING
1645;HYUNDAI;GRAND STAREX;Autom½vil;HYUNDAI;GRAND STAREX
1646;HYUNDAI;IONIQ - EL?CTRICO;Autom½vil;HYUNDAI;IONIQ - EL?CTRICO
1647;HYUNDAI;SONATA LF;Autom½vil;HYUNDAI;SONATA LF
1648;HYUNDAI;SONATA?N20;Autom½vil;HYUNDAI;SONATA?N20
1649;HYUNDAI;SONATA N20?COREANO;Autom½vil;HYUNDAI;SONATA N20?COREANO
1650;HYUNDAI;SONATA?SE;Autom½vil;HYUNDAI;SONATA?SE
1651;HYUNDAI;SONATA?Y20?COREANO;Autom½vil;HYUNDAI;SONATA?Y20?COREANO
1652;HYUNDAI;SONATA?YF;Autom½vil;HYUNDAI;SONATA?YF
1653;HYUNDAI;UNIVERSE SPACE;Autom½vil;HYUNDAI;UNIVERSE SPACE
1654;INFINITI;J-30;Autom½vil;INFINITI;J-30
1655;ISUZU;CAMIONETA;Autom½vil;ISUZU;CAMIONETA
1656;ISUZU;QKR55;Autom½vil;ISUZU;QKR55
1657;JAGUAR;XKR-R;Autom½vil;JAGUAR;XKR-R
2738;AUDI;Q7;Autom½vil;AUDI;Q7
2739;AUDI;A8;Autom½vil;AUDI;A8
2740;AUDI;R8;Autom½vil;AUDI;R8
2741;AUDI;A7;Autom½vil;AUDI;A7
2742;AUDI;A6;Autom½vil;AUDI;A6
2743;AUDI;S4;Autom½vil;AUDI;S4
2744;AUDI;Q5;Autom½vil;AUDI;Q5
2745;AUDI;A5;Autom½vil;AUDI;A5
2746;AUDI;TT;Autom½vil;AUDI;TT
2747;AUDI;Q3;Autom½vil;AUDI;Q3
2748;AUDI;A4;Autom½vil;AUDI;A4
2749;AUDI;A 1;Autom½vil;AUDI;A 1
2750;AUDI;A3;Autom½vil;AUDI;A3
2751;AUDI;A22;Autom½vil;AUDI;A22
2752;AUDI;A23;Autom½vil;AUDI;A23
2753;AUDI;A24;Autom½vil;AUDI;A24
2754;AUDI;TTS;Autom½vil;AUDI;TTS
2755;SUZUKI;VITARA;Autom½vil;SUZUKI;VITARA
2756;kia;SELTOS EX;Autom½vil;KIA;SELTOS EX
2757;TOYOTA;VITZ JAPONES;Autom½vil;TOYOTA;VITZ JAPONES
2758;ACURA;ILX;Autom½vil;ACURA;ILX
2759;TESLA;3 - EL?CTRICO;Autom½vil;TESLA;3 - EL?CTRICO
2760;ACURA;TLX;Autom½vil;ACURA;TLX
2761;NISSAN;CLIPPER;Autom½vil;NISSAN;CLIPPER
2762;INFINITI;Q50 HYBRID;Autom½vil;INFINITI;Q50 HYBRID
2763;PEUGEOT;3008 GT LINE;Autom½vil;PEUGEOT;3008 GT LINE
2764;kia;SONET;Autom½vil;KIA;SONET
2765;MERCEDES BENZ;GLC 63S 4MATIC;Autom½vil;MERCEDES BENZ;GLC 63S 4MATIC
2766;SUBARU;PLEO;Autom½vil;SUBARU;PLEO
2767;INFINITI;Q50;Autom½vil;INFINITI;Q50
2768;AUDI;A4;Autom½vil;AUDI;A4
2769;PEUGEOT;308 PREMIUN;Autom½vil;PEUGEOT;308 PREMIUN
2770;HYUNDAI;SONATA SE;Autom½vil;HYUNDAI;SONATA SE
2771;MERCEDES BENZ;GLB 200;Autom½vil;MERCEDES BENZ;GLB 200
2772;FORD;FIGO;Autom½vil;FORD;FIGO
2773;kia;SOLUTO LX;Autom½vil;KIA;SOLUTO LX
2774;PORSCHE;MACAN;Autom½vil;PORSCHE;MACAN
2775;MERCEDES BENZ;CLA 180;Autom½vil;MERCEDES BENZ;CLA 180
2776;BMW;316I;Autom½vil;BMW;316I
2777;MERCEDES BENZ;GL 450;Autom½vil;MERCEDES BENZ;GL 450
2778;DODGE;RAM 1500;Autom½vil;DODGE;RAM 1500
2779;INFINITI;QX60;Autom½vil;INFINITI;QX60
2780;HYUNDAI;SONATA;Autom½vil;HYUNDAI;SONATA
2781;MITSUBISHI;DELICA;Autom½vil;MITSUBISHI;DELICA
2782;HYUNDAI;VERNA;Autom½vil;HYUNDAI;VERNA
2783;TOYOTA;AGYA;Autom½vil;TOYOTA;AGYA
2784;MERCEDES BENZ;GLS 350 D;Autom½vil;MERCEDES BENZ;GLS 350 D
2785;CITROEN;C3 FACELIFT;Autom½vil;CITROEN;C3 FACELIFT
2786;NISSAN;AD;Autom½vil;NISSAN;AD
2787;NISSAN;ROUGUE;Autom½vil;NISSAN;ROUGUE
2788;NISSAN;TEANA Z50 XV;Autom½vil;NISSAN;TEANA Z50 XV
2789;VOLKSWAGEN;T-CROSS;Autom½vil;VOLKSWAGEN;T-CROSS
2790;VOLKSWAGEN;NIVUS;Autom½vil;VOLKSWAGEN;NIVUS
2791;CITROEN;BERLINGO;Autom½vil;CITROEN;BERLINGO
2792;BMW;M4;Autom½vil;BMW;M4
2793;PEUGEOT;3008 ACTIVE;Autom½vil;PEUGEOT;3008 ACTIVE
2794;NISSAN;SERENA;Autom½vil;NISSAN;SERENA
2795;HYUNDAI;VENUE;Autom½vil;HYUNDAI;VENUE
2796;SUZUKI;CARRY;Autom½vil;SUZUKI;CARRY
2797;NISSAN;ATLAS;Autom½vil;NISSAN;ATLAS
2798;MERCEDES BENZ;GLE 43;Autom½vil;MERCEDES BENZ;GLE 43
2799;MERCEDES BENZ;CLASE CLA 250;Autom½vil;MERCEDES BENZ;CLASE CLA 250
2800;MERCEDES BENZ;GLE 63;Autom½vil;MERCEDES BENZ;GLE 63
2801;MERCEDES BENZ;GLE 63 S AMG COUPE;Autom½vil;MERCEDES BENZ;GLE 63 S AMG COUPE
2802;kia;SELTOS;Autom½vil;KIA;SELTOS
2803;PEUGEOT;5008 ALLLURE;Autom½vil;PEUGEOT;5008 ALLLURE
2804;CHRYSLER;TOWN Y COUNTRY TOURING;Autom½vil;CHRYSLER;TOWN Y COUNTRY TOURING
2805;HYUNDAI;SONATA LF COREANO;Autom½vil;HYUNDAI;SONATA LF COREANO
2806;HYUNDAI;GRAND SANTA FE;Autom½vil;HYUNDAI;GRAND SANTA FE
2807;MAZDA;CX-30;Autom½vil;MAZDA;CX-30
2808;JEEP;RENEGADE;Autom½vil;JEEP;RENEGADE
2809;TOYOTA;TUNDRA;Autom½vil;TOYOTA;TUNDRA
2810;PEUGEOT;5008 ALLURE;Autom½vil;PEUGEOT;5008 ALLURE
2811;FORD;C MAX;Autom½vil;FORD;C MAX
2812;TESLA;Y - EL?CTRICO;Autom½vil;TESLA;Y - EL?CTRICO
2813;MERCEDES BENZ;GLE 43;Autom½vil;MERCEDES BENZ;GLE 43
2814;CHEVROLET;CAPTIVA LT;Autom½vil;CHEVROLET;CAPTIVA LT
2815;INFINITI;QX50;Autom½vil;INFINITI;QX50
2816;GMC;SIERRA;Autom½vil;GMC;SIERRA
2817;HYUNDAI;I-20 ACTIVE CROSS;Autom½vil;HYUNDAI;I-20 ACTIVE CROSS
2818;SsangYong;REXTON;Autom½vil;SSANGYONG;REXTON
2819;HINO;DUTRO;Autom½vil;HINO;DUTRO
2820;SUZUKI;GRAND VITARA;Autom½vil;SUZUKI;GRAND VITARA
2821;LEXUS;NX 200 T;Autom½vil;LEXUS;NX 200 T
2822;MERCEDES BENZ;GL-350 CDI;Autom½vil;MERCEDES BENZ;GL-350 CDI
2823;PEUGEOT;2008 ACTIVE;Autom½vil;PEUGEOT;2008 ACTIVE
2824;SUZUKI;SX 4;Autom½vil;SUZUKI;SX 4
2825;TOYOTA;C-HR;Autom½vil;TOYOTA;C-HR
2826;MERCEDES BENZ;GLC 300;Autom½vil;MERCEDES BENZ;GLC 300
2827;RENAULT;DUSTER;Autom½vil;RENAULT;DUSTER
2828;changan;CS55 23OT ELITE;Autom½vil;CHANGAN;CS55 23OT ELITE
2829;TOYOTA;AQUA;Autom½vil;TOYOTA;AQUA
2830;MERCEDES BENZ;CLA 200;Autom½vil;MERCEDES BENZ;CLA 200
2831;HYUNDAI;SONATA NEW RISE LPG;Autom½vil;HYUNDAI;SONATA NEW RISE LPG
2832;DAIHATSU;HIJET JAPONES;Autom½vil;DAIHATSU;HIJET JAPONES
2833;VOLKSWAGEN;TERAMONT;Autom½vil;VOLKSWAGEN;TERAMONT
2834;HONDA;CIVIC-HIBRIDO;Autom½vil;HONDA;CIVIC-HIBRIDO
2835;MERCEDES BENZ;GLE-43 AMG COUPE;Autom½vil;MERCEDES BENZ;GLE-43 AMG COUPE
2836;MERCEDES BENZ;GLC 250 4MATIC;Autom½vil;MERCEDES BENZ;GLC 250 4MATIC
2837;MERCEDES BENZ;CLASE CLA;Autom½vil;MERCEDES BENZ;CLASE CLA
2838;CHEVROLET;TRACKER PREMIER;Autom½vil;CHEVROLET;TRACKER PREMIER
2839;PEUGEOT;E 2008 - ELECTRICO;Autom½vil;PEUGEOT;E 2008 - ELECTRICO
2840;MERCEDES BENZ;GLS;Autom½vil;MERCEDES BENZ;GLS
2841;LEXUS;NX;Autom½vil;LEXUS;NX
2842;SUZUKI;DZIRE GLX;Autom½vil;SUZUKI;DZIRE GLX
2843;HYUNDAI;KONA ELECTRICO;Autom½vil;HYUNDAI;KONA ELECTRICO
2844;HYUNDAI;I20;Autom½vil;HYUNDAI;I20
2845;MERCEDES BENZ;GLE 450;Autom½vil;MERCEDES BENZ;GLE 450
2846;JAC;FRISON T8;Autom½vil;JAC;FRISON T8
2847;SEAT;LE?N;Autom½vil;SEAT;LE?N
2848;MERCEDES BENZ;GLA 250 4WD;Autom½vil;MERCEDES BENZ;GLA 250 4WD
2849;MERCEDES BENZ;GLA 250;Autom½vil;MERCEDES BENZ;GLA 250
2850;JAC;JS3;Autom½vil;JAC;JS3
2852;ORA;IQ;Autom½vil;ORA;IQ
2853;TOYOTA;COROLLA CROSS HIBRIDO;Autom½vil;TOYOTA;COROLLA CROSS HIBRIDO
2854;CHEVROLET;CAPTIVA PREMIER;Autom½vil;CHEVROLET;CAPTIVA PREMIER
2855;HYUNDAI;SONATA AMERICANO;Autom½vil;HYUNDAI;SONATA AMERICANO
2856;CHEVROLET;IMPALA;Autom½vil;CHEVROLET;IMPALA
2857;MERCEDES BENZ;GLE;Autom½vil;MERCEDES BENZ;GLE
2858;NISSAN;NV-350 CARAVAN JAPONES;Autom½vil;NISSAN;NV-350 CARAVAN JAPONES
2859;CHEVROLET;ORLANDO;Autom½vil;CHEVROLET;ORLANDO
2860;TOYOTA;RAIZE;Autom½vil;TOYOTA;RAIZE
2861;FIAT;500X TREKKING;Autom½vil;FIAT;500X TREKKING
2862;HONDA;INSIGHT;Autom½vil;HONDA;INSIGHT
2863;MERCEDES BENZ;GLE 350;Autom½vil;MERCEDES BENZ;GLE 350
2864;HYUNDAI;STARIA;Autom½vil;HYUNDAI;STARIA
2865;INFINITI;QX55;Autom½vil;INFINITI;QX55
2866;GMC;CANYON;Autom½vil;GMC;CANYON
2867;kia;K-7 COREANO;Autom½vil;KIA;K-7 COREANO
2868;BMW;SERIE 4- 420I GRAN COUPE;Autom½vil;BMW;SERIE 4- 420I GRAN COUPE
2869;HONDA;SHUTTLE;Autom½vil;HONDA;SHUTTLE
2870;NISSAN;NV 200 VANETTE;Autom½vil;NISSAN;NV 200 VANETTE
2871;JEEP;GLADIATOR;Autom½vil;JEEP;GLADIATOR
2872;SEAT;IBIZA;Autom½vil;SEAT;IBIZA
2873;HUMMER;H3;Autom½vil;HUMMER;H3
2874;FIAT;GRANDE PUNTO;Autom½vil;FIAT;GRANDE PUNTO
2875;LAND ROVER;SPORT HSE;Autom½vil;LAND ROVER;SPORT HSE
2876;BMW;I3 REX;Autom½vil;BMW;I3 REX
2877;PONTIAC;SOLTICE;Autom½vil;PONTIAC;SOLTICE
2878;FORD;RANGER 4X4;Autom½vil;FORD;RANGER 4X4
2879;CITROEN;C4 CACTUS;Autom½vil;CITROEN;C4 CACTUS
2880;PEUGEOT;SUV 2008;Autom½vil;PEUGEOT;SUV 2008
2881;HELMARV;EV S400;Autom½vil;HELMARV;EV S400
2882;AUDI;S3;Autom½vil;AUDI;S3
2883;MERCEDES BENZ;GLE 400;Autom½vil;MERCEDES BENZ;GLE 400
2884;MERCEDES BENZ;CLASE GL;Autom½vil;MERCEDES BENZ;CLASE GL
2885;RENAULT;DOKKER;Autom½vil;RENAULT;DOKKER
2886;ISUZU;ELF;Autom½vil;ISUZU;ELF
2887;AUDI;Q8;Autom½vil;AUDI;Q8
2888;NISSAN;VANETTE;Autom½vil;NISSAN;VANETTE
2889;MERCEDES BENZ;ML;Autom½vil;MERCEDES BENZ;ML
2890;MINI;COOPER S;Autom½vil;MINI;COOPER S
2891;SsangYong;KORANDO;Autom½vil;SSANGYONG;KORANDO
2892;MG;ZS EV - ELECTRICO;Autom½vil;MG;ZS EV - ELECTRICO
2893;changan;STAR 5 VAN CARGO;Autom½vil;CHANGAN;STAR 5 VAN CARGO
2894;AUDI;S6;Autom½vil;AUDI;S6
2895;VOLKSWAGEN;TAOS;Autom½vil;VOLKSWAGEN;TAOS
2896;changan;CS35 ELITE;Autom½vil;CHANGAN;CS35 ELITE
2897;CHANA;CS75;Autom½vil;CHANA;CS75
2898;BMW;X1;Autom½vil;BMW;X1
2899;changan;CS55 PLUS;Autom½vil;CHANGAN;CS55 PLUS
2900;BRILLIANCE;V3;Autom½vil;BRILLIANCE;V3
2901;CITROEN;C3;Autom½vil;CITROEN;C3
2902;MERCEDES BENZ;X CLASS 250D;Autom½vil;MERCEDES BENZ;X CLASS 250D
2903;HYUNDAI;KONA;Autom½vil;HYUNDAI;KONA
2904;ALFA ROMEO;GIULIETTA TCT;Autom½vil;ALFA ROMEO;GIULIETTA TCT
2905;MG;ZX;Autom½vil;MG;ZX
2906;MAZDA;SCRUM;Autom½vil;MAZDA;SCRUM
2907;MITSUBISHI;L200;Autom½vil;MITSUBISHI;L200
2908;changan;CS35 PLUS;Autom½vil;CHANGAN;CS35 PLUS
2909;VOLVO;S90;Autom½vil;VOLVO;S90
2910;changan;UNI-T;Autom½vil;CHANGAN;UNI-T
2911;HONDA;M-NV FULL;Autom½vil;HONDA;M-NV FULL
2912;CHEVROLET;GROOVE;Autom½vil;CHEVROLET;GROOVE
2914;TOYOTA;COROLLA CROSS;Autom½vil;TOYOTA;COROLLA CROSS
2915;HYUNDAI;PALISADE;Autom½vil;HYUNDAI;PALISADE
2916;FORD;TERRITORY;Autom½vil;FORD;TERRITORY
2918;CITROEN;DS5;Autom½vil;CITROEN;DS5
2919;NISSAN;LAFESTA;Autom½vil;NISSAN;LAFESTA
2920;JAC;JS8;Autom½vil;JAC;JS8
2921;JAC;HFC3086K;Autom½vil;JAC;HFC3086K
2922;MG;MG5;Autom½vil;MG;MG5
2923;LEXUS;NX 200 T 4WD;Autom½vil;LEXUS;NX 200 T 4WD
2924;changan;CS75;Autom½vil;CHANGAN;CS75
2925;BMW;550I;Autom½vil;BMW;550I
2926;changan;CS-15;Autom½vil;CHANGAN;CS-15
2927;CITROEN;JUMPER;Autom½vil;CITROEN;JUMPER
2928;BESTUNE;T33;Autom½vil;BESTUNE;T33
2929;RAM;1500;Autom½vil;RAM;1500
2930;DAIHATSU;MOVE;Autom½vil;DAIHATSU;MOVE
2931;go electric;GO01 - EL?CTRICO;Autom½vil;GO ELECTRIC;GO01 - EL?CTRICO
2932;changan;CS55 ELITE;Autom½vil;CHANGAN;CS55 ELITE
2933;changan;UNI-K;Autom½vil;CHANGAN;UNI-K
2935;jetour;X70;Autom½vil;JETOUR;X70
2936;FIAT;PULSE;Autom½vil;FIAT;PULSE
2937;LEXUS;RC;Autom½vil;LEXUS;RC
2938;MAXUS;T60;Autom½vil;MAXUS;T60
2939;TESLA;Y;Autom½vil;TESLA;Y
2940;VOLKSWAGEN;ID.3;Autom½vil;VOLKSWAGEN;ID.3
2941;CHEVROLET;LABO;Autom½vil;CHEVROLET;LABO
2942;HONDA;ENS1;Autom½vil;HONDA;ENS1
2943;MAZDA;CX-60;Autom½vil;MAZDA;CX-60
2944;NISSAN;CARAVAN;Autom½vil;NISSAN;CARAVAN
2945;jetour;DASHING PLUS;Autom½vil;JETOUR;DASHING PLUS
2946;jetour;DASHING;Autom½vil;JETOUR;DASHING
2947;DONGFENG;AX7;Autom½vil;DONGFENG;AX7
2948;RAM;PROMASTER CITY TRADESMAN;Autom½vil;RAM;PROMASTER CITY TRADESMAN
2949;shineray;X30S CARGO VAN;Autom½vil;SHINERAY;X30S CARGO VAN
2950;buick;ENCORE;Autom½vil;BUICK;ENCORE
2951;kia;SOLUTO;Autom½vil;KIA;SOLUTO
2952;LINCOLN;MKC;Autom½vil;LINCOLN;MKC
2953;NISSAN;NV 100 CLIPPER;Autom½vil;NISSAN;NV 100 CLIPPER
2954;LINCOLN;MKC ECOBOOST 2WD;Autom½vil;LINCOLN;MKC ECOBOOST 2WD
2955;LEXUS;LX 600;Autom½vil;LEXUS;LX 600
2956;Gac;AION Y;Autom½vil;GAC;AION Y
2957;DONGFENG;T5 EVO;Autom½vil;DONGFENG;T5 EVO
2958;MERCEDES BENZ;GLC 250;Autom½vil;MERCEDES BENZ;GLC 250
2959;RENAULT;CAPTUR;Autom½vil;RENAULT;CAPTUR
2961;DAIHATSU;ATRAI;Autom½vil;DAIHATSU;ATRAI
2962;ALFA ROMEO;GIULIETTA;Autom½vil;ALFA ROMEO;GIULIETTA
2963;byd;S6;Autom½vil;BYD;S6
2965;DAIHATSU;BOON;Autom½vil;DAIHATSU;BOON
2966;MERCEDES BENZ;GLE 350;Autom½vil;MERCEDES BENZ;GLE 350
2967;DONGFENG;FORTHING;Autom½vil;DONGFENG;FORTHING
2968;changan;CS55;Autom½vil;CHANGAN;CS55
2969;Gac;AION;Autom½vil;GAC;AION
2970;NISSAN;NV150;Autom½vil;NISSAN;NV150
2971;HONDA;FIT-HIBRIDA;Autom½vil;HONDA;FIT-HIBRIDA
2972;kia;STONIC;Autom½vil;KIA;STONIC
2973;MERCEDES BENZ;S 580;Autom½vil;MERCEDES BENZ;S 580
2974;PEUGEOT;LANDTREK;Autom½vil;PEUGEOT;LANDTREK
2975;LINCOLN;MKS;Autom½vil;LINCOLN;MKS
2976;maserati;LEVANTE;Autom½vil;MASERATI;LEVANTE
2977;HONDA;ENP1;Autom½vil;HONDA;ENP1
2978;forthing;T5;Autom½vil;FORTHING;T5
2979;CENNTRO;L-S100;Autom½vil;CENNTRO;L-S100
2980;MG;ZS 1.5L;Autom½vil;MG;ZS 1.5L
2981;CHERY;TIGGO 8;Autom½vil;CHERY;TIGGO 8
2982;MERCEDES BENZ;GLE 53;Autom½vil;MERCEDES BENZ;GLE 53
2983;MG;ZS;Autom½vil;MG;ZS
2984;MG;RX8 4WD;Autom½vil;MG;RX8 4WD
2985;CENNTRO;AVANTIER;Autom½vil;CENNTRO;AVANTIER
2986;NISSAN;NV 200;Autom½vil;NISSAN;NV 200
2987;VOLKSWAGEN;ID6;Autom½vil;VOLKSWAGEN;ID6
2988;geely;GEOMETRY;Autom½vil;GEELY;GEOMETRY
2989;SUZUKI;FRONX;Autom½vil;SUZUKI;FRONX
2990;DONGFENG;HUGE;Autom½vil;DONGFENG;HUGE
2991;geely;COOLRAY;Autom½vil;GEELY;COOLRAY
2992;CHERY;TIGGO;Autom½vil;CHERY;TIGGO
2993;JAC;S3;Autom½vil;JAC;S3
2994;TESLA;MODEL 3;Autom½vil;TESLA;MODEL 3
2995;MG;GS;Autom½vil;MG;GS
2996;baic;X35;Autom½vil;BAIC;X35
2997;BRILLIANCE;V6;Autom½vil;BRILLIANCE;V6
2998;LEXUS;RX-450 SPORT HYBRID;Autom½vil;LEXUS;RX-450 SPORT HYBRID
2999;Gac;EMZOOM;Autom½vil;GAC;EMZOOM
3000;kaiyi;X3;Autom½vil;KAIYI;X3
3001;DONGFENG;AX8;Autom½vil;DONGFENG;AX8
3002;SEAT;ATECA XPERIENCE;Autom½vil;SEAT;ATECA XPERIENCE
3003;SEAT;ATECA;Autom½vil;SEAT;ATECA
3004;DONGFENG;GLORY 500;Autom½vil;DONGFENG;GLORY 500
3005;baic;X25;Autom½vil;BAIC;X25
3006;jetour;T2;Autom½vil;JETOUR;T2
3007;BMW;535I;Autom½vil;BMW;535I
3008;HONDA;N-BOX;Autom½vil;HONDA;N-BOX
3010;changan;X7 PLUS;Autom½vil;CHANGAN;X7 PLUS
3011;NISSAN;VERSA ADVANCE;Autom½vil;NISSAN;VERSA ADVANCE
3014;HYUNDAI;LONIQ - HYBRIDO;Autom½vil;HYUNDAI;LONIQ - HYBRIDO
3015;geely;GX3;Autom½vil;GEELY;GX3
3016;TOYOTA;SIENTA;Autom½vil;TOYOTA;SIENTA
3017;Gac;EMKOO;Autom½vil;GAC;EMKOO
3018;JAC;S2;Autom½vil;JAC;S2
3019;Gac;GS3 POWER;Autom½vil;GAC;GS3 POWER
3020;MAXUS;D60;Autom½vil;MAXUS;D60
3021;AUDI;SQ5;Autom½vil;AUDI;SQ5
3022;RAM;1200;Autom½vil;RAM;1200
3023;kia;RD6;Autom½vil;KIA;RD6
3024;radar;RD6;Autom½vil;RADAR;RD6
3025;BMW;X3;Autom½vil;BMW;X3
3026;SUBARU;CROSSTREK;Autom½vil;SUBARU;CROSSTREK
3027;maserati;GHIBLI;Autom½vil;MASERATI;GHIBLI
3028;HONDA;BRV;Autom½vil;HONDA;BRV
3029;VOLKSWAGEN;ID4;Autom½vil;VOLKSWAGEN;ID4
3030;BESTUNE;B70 S;Autom½vil;BESTUNE;B70 S
3031;MERCEDES BENZ;CLASS GLE;Autom½vil;MERCEDES BENZ;CLASS GLE
3032;kia;NIRO;Autom½vil;KIA;NIRO
3033;AIQAR;EQ7;Autom½vil;AIQAR;EQ7
3034;geely;STARRAY;Autom½vil;GEELY;STARRAY
3035;JAGUAR;F-PACE 25T;Autom½vil;JAGUAR;F-PACE 25T
3036;kia;K3;Autom½vil;KIA;K3
3037;HONDA;N-WGN;Autom½vil;HONDA;N-WGN
3038;LEXUS;UX-250H;Autom½vil;LEXUS;UX-250H
3039;HONDA;GRACE;Autom½vil;HONDA;GRACE
3040;changan;DEEPAL;Autom½vil;CHANGAN;DEEPAL
3041;MERCEDES BENZ;GLE COUPE;Autom½vil;MERCEDES BENZ;GLE COUPE
3042;kia;TELLURIDE;Autom½vil;KIA;TELLURIDE
3043;SUZUKI;SCROSS;Autom½vil;SUZUKI;SCROSS
3044;BMW;530I;Autom½vil;BMW;530I
3045;BESTUNE;T77;Autom½vil;BESTUNE;T77
3046;Gac;GS8;Autom½vil;GAC;GS8
3047;changan;CS35;Autom½vil;CHANGAN;CS35
3048;kia;EV5;Autom½vil;KIA;EV5
3049;MERCEDES BENZ;GLB 250;Autom½vil;MERCEDES BENZ;GLB 250
3051;kia;EV6;Autom½vil;KIA;EV6
3052;SUZUKI;SZIRE;Autom½vil;SUZUKI;SZIRE
3053;geely;GEOME;Autom½vil;GEELY;GEOME
3054;KGM;REXTON;Autom½vil;KGM;REXTON
3055;MERCEDES BENZ;CLASE C 300;Autom½vil;MERCEDES BENZ;CLASE C 300
3056;kia;K3 CROSS;Autom½vil;KIA;K3 CROSS
3057;byd;SONGPRO EV - EL?CTRICO;Autom½vil;BYD;SONGPRO EV - EL?CTRICO
3058;byd;SHARK;Autom½vil;BYD;SHARK
3059;byd;SONG PLUS;Autom½vil;BYD;SONG PLUS
3060;byd;DOLPHIN;Autom½vil;BYD;DOLPHIN
3061;byd;TANG - EL?CTRICO;Autom½vil;BYD;TANG - EL?CTRICO
3062;byd;HAN EV - EL?CTRICO;Autom½vil;BYD;HAN EV - EL?CTRICO
3063;byd;SEAL;Autom½vil;BYD;SEAL
3064;byd;YUAN PLUS;Autom½vil;BYD;YUAN PLUS
3065;kia;STINGER;Autom½vil;KIA;STINGER
3066;BESTUNE;T55 ENJOY;Autom½vil;BESTUNE;T55 ENJOY
3067;AUDI;Q2;Autom½vil;AUDI;Q2
3068;jetour;X50;Autom½vil;JETOUR;X50
3069;MERCEDES BENZ;GLC 200;Autom½vil;MERCEDES BENZ;GLC 200
3070;RAM;3500;Autom½vil;RAM;3500
3071;JAC;FRISON T6;Autom½vil;JAC;FRISON T6
3072;BMW;X4;Autom½vil;BMW;X4
3073;JAC;FRISON;Autom½vil;JAC;FRISON
3074;forthing;T5 EVO;Autom½vil;FORTHING;T5 EVO
3075;geely;CITIRAY;Autom½vil;GEELY;CITIRAY
3076;HONDA;VESEL;Autom½vil;HONDA;VESEL
3077;PEUGEOT;3008;Autom½vil;PEUGEOT;3008
3078;Wuiling;BINGO;Autom½vil;WUILING;BINGO
